{"minzoom":0,"maxzoom":8,"center":[-80.859375,7.710418,8.0],"bounds":[-83.049164,7.20087,-77.157044,9.640993]}