{"minzoom":0,"maxzoom":9,"center":[-81.210937,8.05908,9.0],"bounds":[-83.049164,7.20087,-77.157044,9.640993]}